image_path,mask_path,mask_classes
../data/images/100694_sat.jpg,../data/images/100694_mask.png,"[2, 1]"
../data/images/102122_sat.jpg,../data/images/102122_mask.png,"[4, 2, 1]"
../data/images/10233_sat.jpg,../data/images/10233_mask.png,"[4, 0, 1]"
../data/images/103665_sat.jpg,../data/images/103665_mask.png,"[4, 2, 1]"
../data/images/103730_sat.jpg,../data/images/103730_mask.png,"[0, 2, 1]"
../data/images/104113_sat.jpg,../data/images/104113_mask.png,"[6, 0, 2, 1, 5]"
../data/images/10452_sat.jpg,../data/images/10452_mask.png,"[4, 3, 0, 2, 1]"
../data/images/10901_sat.jpg,../data/images/10901_mask.png,"[4, 0, 5]"
../data/images/111335_sat.jpg,../data/images/111335_mask.png,"[4, 3, 2, 1, 5]"
../data/images/114433_sat.jpg,../data/images/114433_mask.png,"[3, 2, 1, 5]"
../data/images/114473_sat.jpg,../data/images/114473_mask.png,"[3, 2, 1, 5]"
../data/images/114577_sat.jpg,../data/images/114577_mask.png,"[4, 0, 5]"
../data/images/115444_sat.jpg,../data/images/115444_mask.png,"[4, 0, 1]"
../data/images/119012_sat.jpg,../data/images/119012_mask.png,"[0, 1, 5]"
../data/images/119079_sat.jpg,../data/images/119079_mask.png,"[4, 3, 0, 2, 1]"
../data/images/119_sat.jpg,../data/images/119_mask.png,"[4, 0, 2, 1]"
../data/images/120245_sat.jpg,../data/images/120245_mask.png,"[4, 0, 1]"
../data/images/120625_sat.jpg,../data/images/120625_mask.png,"[4, 0, 2, 1, 5]"
../data/images/122104_sat.jpg,../data/images/122104_mask.png,"[4, 3, 0, 2, 1, 5]"
../data/images/122178_sat.jpg,../data/images/122178_mask.png,"[3, 0, 2, 1]"
../data/images/123172_sat.jpg,../data/images/123172_mask.png,"[4, 2, 1, 5]"
../data/images/124529_sat.jpg,../data/images/124529_mask.png,"[4, 0, 2, 5]"
../data/images/125510_sat.jpg,../data/images/125510_mask.png,"[4, 0, 2, 1]"
../data/images/125795_sat.jpg,../data/images/125795_mask.png,"[4, 0, 2, 1]"
../data/images/126796_sat.jpg,../data/images/126796_mask.png,"[3, 0, 2, 1]"
../data/images/127660_sat.jpg,../data/images/127660_mask.png,"[4, 0, 2, 1]"
../data/images/127976_sat.jpg,../data/images/127976_mask.png,"[6, 4, 2, 1]"
../data/images/129297_sat.jpg,../data/images/129297_mask.png,"[4, 0, 2, 1]"
../data/images/129298_sat.jpg,../data/images/129298_mask.png,"[1, 5]"
../data/images/131720_sat.jpg,../data/images/131720_mask.png,"[0, 1, 5]"
../data/images/133209_sat.jpg,../data/images/133209_mask.png,"[4, 3, 0, 2, 1, 5]"
../data/images/133254_sat.jpg,../data/images/133254_mask.png,"[6, 0, 2, 1, 5]"
../data/images/13415_sat.jpg,../data/images/13415_mask.png,"[3, 2, 1, 5]"
../data/images/134465_sat.jpg,../data/images/134465_mask.png,"[6, 4, 3, 0, 2, 5]"
../data/images/136252_sat.jpg,../data/images/136252_mask.png,"[4, 0, 2, 1, 5]"
../data/images/137499_sat.jpg,../data/images/137499_mask.png,"[4, 0, 2, 1, 5]"
../data/images/137806_sat.jpg,../data/images/137806_mask.png,"[4, 0, 2, 1, 5]"
../data/images/139482_sat.jpg,../data/images/139482_mask.png,"[4, 0, 2, 1, 5]"
../data/images/139581_sat.jpg,../data/images/139581_mask.png,"[4, 0, 1]"
../data/images/140299_sat.jpg,../data/images/140299_mask.png,"[0, 2, 1]"
../data/images/141685_sat.jpg,../data/images/141685_mask.png,"[4, 0, 2, 1]"
../data/images/142766_sat.jpg,../data/images/142766_mask.png,"[4, 0, 2, 1]"
../data/images/143353_sat.jpg,../data/images/143353_mask.png,"[0, 1]"
../data/images/143364_sat.jpg,../data/images/143364_mask.png,"[4, 0, 2, 1]"
../data/images/143794_sat.jpg,../data/images/143794_mask.png,"[3, 1, 5]"
../data/images/147545_sat.jpg,../data/images/147545_mask.png,"[0, 2, 1]"
../data/images/147716_sat.jpg,../data/images/147716_mask.png,"[4, 3, 1, 5]"
../data/images/148260_sat.jpg,../data/images/148260_mask.png,"[2, 1]"
../data/images/148381_sat.jpg,../data/images/148381_mask.png,"[3, 2, 1, 5]"
../data/images/149624_sat.jpg,../data/images/149624_mask.png,"[4, 0, 2, 1, 5]"
../data/images/152569_sat.jpg,../data/images/152569_mask.png,"[3, 0, 1, 5]"
../data/images/154124_sat.jpg,../data/images/154124_mask.png,"[0, 2, 1, 5]"
../data/images/154626_sat.jpg,../data/images/154626_mask.png,"[0, 2, 1]"
../data/images/155165_sat.jpg,../data/images/155165_mask.png,"[4, 0, 2, 1, 5]"
../data/images/15573_sat.jpg,../data/images/15573_mask.png,"[3, 2, 1, 5]"
../data/images/156574_sat.jpg,../data/images/156574_mask.png,"[4, 3, 0, 2, 1]"
../data/images/156951_sat.jpg,../data/images/156951_mask.png,"[4, 0, 2, 1, 5]"
../data/images/157839_sat.jpg,../data/images/157839_mask.png,"[4, 0, 1]"
../data/images/158163_sat.jpg,../data/images/158163_mask.png,"[0, 2, 1]"
../data/images/159177_sat.jpg,../data/images/159177_mask.png,"[4, 0, 2]"
../data/images/159280_sat.jpg,../data/images/159280_mask.png,"[4, 0, 2, 1, 5]"
../data/images/159322_sat.jpg,../data/images/159322_mask.png,"[4, 0, 2, 1]"
../data/images/160037_sat.jpg,../data/images/160037_mask.png,"[4, 0, 1, 5]"
../data/images/161109_sat.jpg,../data/images/161109_mask.png,"[3, 2, 1, 5]"
../data/images/161838_sat.jpg,../data/images/161838_mask.png,"[0, 1, 5]"
../data/images/162310_sat.jpg,../data/images/162310_mask.png,"[4, 3, 0, 2, 1, 5]"
../data/images/164029_sat.jpg,../data/images/164029_mask.png,"[4, 0, 2, 1, 5]"
../data/images/16453_sat.jpg,../data/images/16453_mask.png,"[0, 2, 1]"
../data/images/166293_sat.jpg,../data/images/166293_mask.png,"[4, 0, 2, 1]"
../data/images/166805_sat.jpg,../data/images/166805_mask.png,"[4, 3, 0, 5]"
../data/images/168514_sat.jpg,../data/images/168514_mask.png,"[0, 2, 1, 5]"
../data/images/170535_sat.jpg,../data/images/170535_mask.png,"[6, 4, 3, 5]"
../data/images/172307_sat.jpg,../data/images/172307_mask.png,"[4, 3, 0, 2, 1, 5]"
../data/images/172854_sat.jpg,../data/images/172854_mask.png,"[0, 1, 5]"
../data/images/174980_sat.jpg,../data/images/174980_mask.png,"[3, 2, 1, 5]"
../data/images/176112_sat.jpg,../data/images/176112_mask.png,"[0, 2, 1, 5]"
../data/images/176225_sat.jpg,../data/images/176225_mask.png,"[6, 4, 3, 0, 5]"
../data/images/176506_sat.jpg,../data/images/176506_mask.png,"[0, 1, 5]"
../data/images/180902_sat.jpg,../data/images/180902_mask.png,"[4, 0, 2, 5]"
../data/images/181447_sat.jpg,../data/images/181447_mask.png,"[0, 2]"
../data/images/182027_sat.jpg,../data/images/182027_mask.png,"[4, 0, 2, 1, 5]"
../data/images/182422_sat.jpg,../data/images/182422_mask.png,"[3, 2, 1, 5]"
../data/images/185522_sat.jpg,../data/images/185522_mask.png,"[6, 4, 0, 1]"
../data/images/185562_sat.jpg,../data/images/185562_mask.png,"[4, 0, 2, 1, 5]"
../data/images/186739_sat.jpg,../data/images/186739_mask.png,"[6, 4, 1, 5]"
../data/images/192576_sat.jpg,../data/images/192576_mask.png,"[4, 0, 2, 1, 5]"
../data/images/192602_sat.jpg,../data/images/192602_mask.png,"[4, 0, 2, 1, 5]"
../data/images/192918_sat.jpg,../data/images/192918_mask.png,"[3, 2, 1, 5]"
../data/images/194156_sat.jpg,../data/images/194156_mask.png,"[4, 0, 2, 1, 5]"
../data/images/195769_sat.jpg,../data/images/195769_mask.png,"[3, 0, 1]"
../data/images/19627_sat.jpg,../data/images/19627_mask.png,"[4, 2, 1, 5]"
../data/images/200561_sat.jpg,../data/images/200561_mask.png,"[4, 5]"
../data/images/200589_sat.jpg,../data/images/200589_mask.png,"[6, 4, 0, 1, 5]"
../data/images/20187_sat.jpg,../data/images/20187_mask.png,"[3, 2, 1, 5]"
../data/images/202277_sat.jpg,../data/images/202277_mask.png,"[4, 3, 2, 1, 5]"
../data/images/204494_sat.jpg,../data/images/204494_mask.png,"[3, 0, 2, 1]"
../data/images/204562_sat.jpg,../data/images/204562_mask.png,"[0, 2, 1]"
../data/images/207663_sat.jpg,../data/images/207663_mask.png,"[0, 2, 1]"
../data/images/207743_sat.jpg,../data/images/207743_mask.png,"[4, 0, 2, 1, 5]"
../data/images/208495_sat.jpg,../data/images/208495_mask.png,"[3, 0, 2, 1, 5]"
../data/images/208695_sat.jpg,../data/images/208695_mask.png,"[3, 1, 5]"
../data/images/209787_sat.jpg,../data/images/209787_mask.png,"[4, 2, 1]"
../data/images/21023_sat.jpg,../data/images/21023_mask.png,"[4, 0, 1, 5]"
../data/images/210436_sat.jpg,../data/images/210436_mask.png,"[2, 1]"
../data/images/210473_sat.jpg,../data/images/210473_mask.png,"[3, 0, 2, 1, 5]"
../data/images/210669_sat.jpg,../data/images/210669_mask.png,"[0, 2, 1, 5]"
../data/images/211316_sat.jpg,../data/images/211316_mask.png,"[0, 2, 1, 5]"
../data/images/211739_sat.jpg,../data/images/211739_mask.png,"[4, 1, 5]"
../data/images/215525_sat.jpg,../data/images/215525_mask.png,"[4, 3, 0, 2, 1, 5]"
../data/images/217085_sat.jpg,../data/images/217085_mask.png,"[3, 0, 1, 5]"
../data/images/21717_sat.jpg,../data/images/21717_mask.png,"[4, 0, 2, 1]"
../data/images/218329_sat.jpg,../data/images/218329_mask.png,"[4, 0, 2, 1, 5]"
../data/images/219555_sat.jpg,../data/images/219555_mask.png,"[0, 1, 5]"
../data/images/219670_sat.jpg,../data/images/219670_mask.png,"[0, 1]"
../data/images/221278_sat.jpg,../data/images/221278_mask.png,"[4, 0, 2, 1, 5]"
../data/images/225393_sat.jpg,../data/images/225393_mask.png,"[4, 0, 5]"
../data/images/225945_sat.jpg,../data/images/225945_mask.png,"[4, 3, 2, 1, 5]"
../data/images/226788_sat.jpg,../data/images/226788_mask.png,"[4, 3, 0, 2, 1]"
../data/images/229383_sat.jpg,../data/images/229383_mask.png,"[4, 0, 2, 5]"
../data/images/232373_sat.jpg,../data/images/232373_mask.png,"[4, 0, 2, 1]"
../data/images/2334_sat.jpg,../data/images/2334_mask.png,"[4, 0, 1]"
../data/images/233615_sat.jpg,../data/images/233615_mask.png,"[0, 1, 5]"
../data/images/234269_sat.jpg,../data/images/234269_mask.png,"[2, 1]"
../data/images/235869_sat.jpg,../data/images/235869_mask.png,"[4, 0, 2, 1]"
../data/images/238322_sat.jpg,../data/images/238322_mask.png,"[0, 2, 1]"
../data/images/239955_sat.jpg,../data/images/239955_mask.png,"[0, 1]"
../data/images/242583_sat.jpg,../data/images/242583_mask.png,"[3, 2, 1, 5]"
../data/images/244423_sat.jpg,../data/images/244423_mask.png,"[4, 0, 2, 1, 5]"
../data/images/245846_sat.jpg,../data/images/245846_mask.png,"[4, 1, 5]"
../data/images/246378_sat.jpg,../data/images/246378_mask.png,"[0, 2, 1, 5]"
../data/images/247179_sat.jpg,../data/images/247179_mask.png,"[4, 0, 2, 1, 5]"
../data/images/24813_sat.jpg,../data/images/24813_mask.png,"[6, 4, 3, 0, 2, 5]"
../data/images/252743_sat.jpg,../data/images/252743_mask.png,"[0, 2, 1]"
../data/images/253691_sat.jpg,../data/images/253691_mask.png,"[4, 2, 1, 5]"
../data/images/254565_sat.jpg,../data/images/254565_mask.png,"[6, 4, 0, 1]"
../data/images/255711_sat.jpg,../data/images/255711_mask.png,"[3, 0, 2, 1]"
../data/images/255876_sat.jpg,../data/images/255876_mask.png,"[4, 3, 0, 2, 1]"
../data/images/255889_sat.jpg,../data/images/255889_mask.png,"[0, 2, 1, 5]"
../data/images/256189_sat.jpg,../data/images/256189_mask.png,"[4, 0, 2, 1]"
../data/images/257695_sat.jpg,../data/images/257695_mask.png,"[0, 1]"
../data/images/26261_sat.jpg,../data/images/26261_mask.png,"[4, 0, 2, 1, 5]"
../data/images/262885_sat.jpg,../data/images/262885_mask.png,"[6, 4, 0, 2, 5]"
../data/images/263576_sat.jpg,../data/images/263576_mask.png,"[6, 4, 0, 2, 1]"
../data/images/264436_sat.jpg,../data/images/264436_mask.png,"[0, 1]"
../data/images/266_sat.jpg,../data/images/266_mask.png,"[0, 1]"
../data/images/267065_sat.jpg,../data/images/267065_mask.png,"[4, 0, 2, 1, 5]"
../data/images/267163_sat.jpg,../data/images/267163_mask.png,"[0, 1]"
../data/images/268881_sat.jpg,../data/images/268881_mask.png,"[4, 0, 2, 1]"
../data/images/269601_sat.jpg,../data/images/269601_mask.png,"[0, 1]"
../data/images/271245_sat.jpg,../data/images/271245_mask.png,"[4, 0, 1]"
../data/images/271609_sat.jpg,../data/images/271609_mask.png,"[0, 1, 5]"
../data/images/271941_sat.jpg,../data/images/271941_mask.png,"[4, 0, 2, 5]"
../data/images/273002_sat.jpg,../data/images/273002_mask.png,"[3, 0, 1]"
../data/images/273274_sat.jpg,../data/images/273274_mask.png,"[0, 1]"
../data/images/27460_sat.jpg,../data/images/27460_mask.png,"[3, 0, 2, 1]"
../data/images/276761_sat.jpg,../data/images/276761_mask.png,"[6, 0, 1, 5]"
../data/images/276912_sat.jpg,../data/images/276912_mask.png,"[4, 0, 2, 1]"
../data/images/277049_sat.jpg,../data/images/277049_mask.png,"[4, 0, 2, 1]"
../data/images/2774_sat.jpg,../data/images/2774_mask.png,"[4, 0, 2, 5]"
../data/images/277644_sat.jpg,../data/images/277644_mask.png,[1]
../data/images/277900_sat.jpg,../data/images/277900_mask.png,"[3, 2, 1, 5]"
../data/images/277994_sat.jpg,../data/images/277994_mask.png,"[3, 2, 1, 5]"
../data/images/280703_sat.jpg,../data/images/280703_mask.png,"[0, 1, 5]"
../data/images/280861_sat.jpg,../data/images/280861_mask.png,"[4, 3, 0, 2, 1, 5]"
../data/images/282120_sat.jpg,../data/images/282120_mask.png,"[4, 0, 2, 1, 5]"
../data/images/283326_sat.jpg,../data/images/283326_mask.png,"[6, 0, 1, 5]"
../data/images/28559_sat.jpg,../data/images/28559_mask.png,"[6, 4, 0, 2, 1]"
../data/images/286339_sat.jpg,../data/images/286339_mask.png,"[4, 0, 2, 1]"
../data/images/28689_sat.jpg,../data/images/28689_mask.png,"[4, 0, 2, 1, 5]"
../data/images/28935_sat.jpg,../data/images/28935_mask.png,"[4, 2, 1, 5]"
../data/images/291214_sat.jpg,../data/images/291214_mask.png,"[4, 3, 0, 2, 1]"
../data/images/291781_sat.jpg,../data/images/291781_mask.png,"[4, 0, 1]"
../data/images/293776_sat.jpg,../data/images/293776_mask.png,"[4, 0, 1]"
../data/images/29419_sat.jpg,../data/images/29419_mask.png,"[4, 0, 2, 1, 5]"
../data/images/294697_sat.jpg,../data/images/294697_mask.png,"[6, 0, 1, 5]"
../data/images/294978_sat.jpg,../data/images/294978_mask.png,"[0, 1]"
../data/images/296279_sat.jpg,../data/images/296279_mask.png,"[3, 0, 2, 1, 5]"
../data/images/296368_sat.jpg,../data/images/296368_mask.png,"[4, 0, 1]"
../data/images/298396_sat.jpg,../data/images/298396_mask.png,"[0, 2, 1, 5]"
../data/images/298817_sat.jpg,../data/images/298817_mask.png,"[4, 2, 1]"
../data/images/299287_sat.jpg,../data/images/299287_mask.png,"[3, 2, 1]"
../data/images/300626_sat.jpg,../data/images/300626_mask.png,"[4, 0, 1]"
../data/images/300745_sat.jpg,../data/images/300745_mask.png,"[4, 0, 2, 1]"
../data/images/300967_sat.jpg,../data/images/300967_mask.png,"[0, 1]"
../data/images/303327_sat.jpg,../data/images/303327_mask.png,"[4, 0, 2, 1, 5]"
../data/images/306486_sat.jpg,../data/images/306486_mask.png,"[4, 0, 2, 1, 5]"
../data/images/307626_sat.jpg,../data/images/307626_mask.png,"[4, 2, 1, 5]"
../data/images/308959_sat.jpg,../data/images/308959_mask.png,"[0, 2, 1]"
../data/images/309818_sat.jpg,../data/images/309818_mask.png,"[4, 0, 2, 5]"
../data/images/310419_sat.jpg,../data/images/310419_mask.png,"[4, 0, 2, 1]"
../data/images/311386_sat.jpg,../data/images/311386_mask.png,"[6, 4, 0, 2, 1, 5]"
../data/images/312676_sat.jpg,../data/images/312676_mask.png,"[0, 2]"
../data/images/315352_sat.jpg,../data/images/315352_mask.png,"[6, 1, 5]"
../data/images/315848_sat.jpg,../data/images/315848_mask.png,"[0, 1, 5]"
../data/images/316446_sat.jpg,../data/images/316446_mask.png,"[3, 0, 2, 1]"
../data/images/318338_sat.jpg,../data/images/318338_mask.png,"[4, 0, 2, 1]"
../data/images/321711_sat.jpg,../data/images/321711_mask.png,"[4, 1, 5]"
../data/images/321724_sat.jpg,../data/images/321724_mask.png,"[0, 2, 1, 5]"
../data/images/322400_sat.jpg,../data/images/322400_mask.png,"[4, 2, 1]"
../data/images/323581_sat.jpg,../data/images/323581_mask.png,"[4, 0, 2, 1, 5]"
../data/images/324170_sat.jpg,../data/images/324170_mask.png,"[0, 5]"
../data/images/325354_sat.jpg,../data/images/325354_mask.png,"[3, 1]"
../data/images/326173_sat.jpg,../data/images/326173_mask.png,"[4, 0, 2, 1, 5]"
../data/images/326238_sat.jpg,../data/images/326238_mask.png,"[0, 1]"
../data/images/329017_sat.jpg,../data/images/329017_mask.png,"[0, 2, 1]"
../data/images/330838_sat.jpg,../data/images/330838_mask.png,"[0, 1]"
../data/images/331421_sat.jpg,../data/images/331421_mask.png,"[0, 1]"
../data/images/331533_sat.jpg,../data/images/331533_mask.png,"[4, 3, 0, 2, 1]"
../data/images/331994_sat.jpg,../data/images/331994_mask.png,"[4, 2, 1, 5]"
../data/images/332354_sat.jpg,../data/images/332354_mask.png,"[0, 2, 1, 5]"
../data/images/33262_sat.jpg,../data/images/33262_mask.png,"[6, 4, 0, 1]"
../data/images/333661_sat.jpg,../data/images/333661_mask.png,"[4, 0, 5]"
../data/images/334677_sat.jpg,../data/images/334677_mask.png,"[3, 2, 1, 5]"
../data/images/334811_sat.jpg,../data/images/334811_mask.png,"[4, 2, 1]"
../data/images/335737_sat.jpg,../data/images/335737_mask.png,"[4, 2, 1]"
../data/images/33573_sat.jpg,../data/images/33573_mask.png,"[4, 3, 0, 2, 1, 5]"
../data/images/337272_sat.jpg,../data/images/337272_mask.png,"[4, 0, 2, 1]"
../data/images/338111_sat.jpg,../data/images/338111_mask.png,"[0, 2, 1, 5]"
../data/images/338661_sat.jpg,../data/images/338661_mask.png,"[4, 3, 2, 5]"
../data/images/338798_sat.jpg,../data/images/338798_mask.png,"[3, 2, 1]"
../data/images/340798_sat.jpg,../data/images/340798_mask.png,"[0, 1]"
../data/images/340898_sat.jpg,../data/images/340898_mask.png,"[3, 0, 2, 1]"
../data/images/343016_sat.jpg,../data/images/343016_mask.png,"[4, 0, 2, 1, 5]"
../data/images/343215_sat.jpg,../data/images/343215_mask.png,"[6, 4, 0, 2, 1, 5]"
../data/images/34330_sat.jpg,../data/images/34330_mask.png,"[4, 0, 1]"
../data/images/343425_sat.jpg,../data/images/343425_mask.png,"[2, 1, 5]"
../data/images/34359_sat.jpg,../data/images/34359_mask.png,"[3, 2, 1, 5]"
../data/images/345134_sat.jpg,../data/images/345134_mask.png,"[3, 5]"
../data/images/345494_sat.jpg,../data/images/345494_mask.png,"[4, 0, 2, 1]"
../data/images/34567_sat.jpg,../data/images/34567_mask.png,"[6, 4, 0, 2, 1, 5]"
../data/images/347676_sat.jpg,../data/images/347676_mask.png,"[6, 4, 0, 1, 5]"
../data/images/347725_sat.jpg,../data/images/347725_mask.png,"[4, 0, 1]"
../data/images/3484_sat.jpg,../data/images/3484_mask.png,"[3, 0, 2, 1]"
../data/images/349442_sat.jpg,../data/images/349442_mask.png,"[6, 4, 0, 2, 1]"
../data/images/350033_sat.jpg,../data/images/350033_mask.png,"[4, 0, 1]"
../data/images/350328_sat.jpg,../data/images/350328_mask.png,"[0, 2, 1]"
../data/images/351228_sat.jpg,../data/images/351228_mask.png,"[4, 0, 2, 5]"
../data/images/351271_sat.jpg,../data/images/351271_mask.png,"[4, 3, 0, 2, 1, 5]"
../data/images/351727_sat.jpg,../data/images/351727_mask.png,"[4, 3, 1, 5]"
../data/images/352808_sat.jpg,../data/images/352808_mask.png,"[3, 0, 2, 1]"
../data/images/354033_sat.jpg,../data/images/354033_mask.png,"[4, 0, 2, 1, 5]"
../data/images/358314_sat.jpg,../data/images/358314_mask.png,"[4, 0, 1]"
../data/images/358464_sat.jpg,../data/images/358464_mask.png,"[0, 1]"
../data/images/358591_sat.jpg,../data/images/358591_mask.png,"[2, 1, 5]"
../data/images/361129_sat.jpg,../data/images/361129_mask.png,"[3, 0, 2, 1]"
../data/images/36183_sat.jpg,../data/images/36183_mask.png,"[0, 1]"
../data/images/362191_sat.jpg,../data/images/362191_mask.png,"[4, 0, 2, 1, 5]"
../data/images/362274_sat.jpg,../data/images/362274_mask.png,"[4, 2, 1, 5]"
../data/images/365555_sat.jpg,../data/images/365555_mask.png,"[1, 5]"
../data/images/373103_sat.jpg,../data/images/373103_mask.png,"[4, 0, 2, 1, 5]"
../data/images/373186_sat.jpg,../data/images/373186_mask.png,"[4, 0, 2, 1]"
../data/images/375563_sat.jpg,../data/images/375563_mask.png,"[4, 5]"
../data/images/37586_sat.jpg,../data/images/37586_mask.png,"[0, 1]"
../data/images/376441_sat.jpg,../data/images/376441_mask.png,"[1, 5]"
../data/images/37755_sat.jpg,../data/images/37755_mask.png,"[0, 1]"
../data/images/382428_sat.jpg,../data/images/382428_mask.png,"[0, 2, 1, 5]"
../data/images/383392_sat.jpg,../data/images/383392_mask.png,"[0, 1, 5]"
../data/images/383637_sat.jpg,../data/images/383637_mask.png,"[4, 0, 1, 5]"
../data/images/384477_sat.jpg,../data/images/384477_mask.png,"[6, 4, 0, 2, 1, 5]"
../data/images/387018_sat.jpg,../data/images/387018_mask.png,"[4, 0, 2, 1]"
../data/images/387554_sat.jpg,../data/images/387554_mask.png,"[0, 2, 1]"
../data/images/388811_sat.jpg,../data/images/388811_mask.png,"[0, 2, 1, 5]"
../data/images/392711_sat.jpg,../data/images/392711_mask.png,"[3, 0, 2, 1]"
../data/images/393043_sat.jpg,../data/images/393043_mask.png,"[4, 0, 1]"
../data/images/394500_sat.jpg,../data/images/394500_mask.png,"[0, 1]"
../data/images/396979_sat.jpg,../data/images/396979_mask.png,"[4, 0, 2, 1]"
../data/images/397137_sat.jpg,../data/images/397137_mask.png,"[4, 0, 2, 1, 5]"
../data/images/397351_sat.jpg,../data/images/397351_mask.png,"[4, 0, 1, 5]"
../data/images/397864_sat.jpg,../data/images/397864_mask.png,"[0, 2, 1]"
../data/images/400179_sat.jpg,../data/images/400179_mask.png,"[3, 0, 2, 1, 5]"
../data/images/40168_sat.jpg,../data/images/40168_mask.png,"[4, 0, 5]"
../data/images/402002_sat.jpg,../data/images/402002_mask.png,"[6, 4, 0, 2, 1, 5]"
../data/images/402209_sat.jpg,../data/images/402209_mask.png,"[4, 0, 2, 1, 5]"
../data/images/40350_sat.jpg,../data/images/40350_mask.png,"[4, 0, 2, 1]"
../data/images/403978_sat.jpg,../data/images/403978_mask.png,"[0, 1]"
../data/images/405378_sat.jpg,../data/images/405378_mask.png,"[4, 0, 2, 1, 5]"
../data/images/405744_sat.jpg,../data/images/405744_mask.png,"[0, 1]"
../data/images/406425_sat.jpg,../data/images/406425_mask.png,"[4, 3, 0, 2, 1, 5]"
../data/images/407467_sat.jpg,../data/images/407467_mask.png,"[6, 4, 0, 2, 1, 5]"
../data/images/411741_sat.jpg,../data/images/411741_mask.png,"[0, 2, 1]"
../data/images/412210_sat.jpg,../data/images/412210_mask.png,"[6, 4, 1, 5]"
../data/images/413779_sat.jpg,../data/images/413779_mask.png,"[4, 0, 5]"
../data/images/416381_sat.jpg,../data/images/416381_mask.png,"[4, 2, 1, 5]"
../data/images/416463_sat.jpg,../data/images/416463_mask.png,"[0, 2, 1]"
../data/images/416794_sat.jpg,../data/images/416794_mask.png,"[4, 0, 2, 1, 5]"
../data/images/417313_sat.jpg,../data/images/417313_mask.png,"[3, 0, 2, 1]"
../data/images/418261_sat.jpg,../data/images/418261_mask.png,"[6, 4, 0, 2, 1]"
../data/images/41944_sat.jpg,../data/images/41944_mask.png,"[4, 0, 2, 1]"
../data/images/419820_sat.jpg,../data/images/419820_mask.png,"[4, 0, 1, 5]"
../data/images/420066_sat.jpg,../data/images/420066_mask.png,"[0, 1, 5]"
../data/images/420078_sat.jpg,../data/images/420078_mask.png,"[4, 2, 1, 5]"
../data/images/423117_sat.jpg,../data/images/423117_mask.png,"[0, 2, 1]"
../data/images/424590_sat.jpg,../data/images/424590_mask.png,"[0, 2, 1, 5]"
../data/images/427037_sat.jpg,../data/images/427037_mask.png,"[3, 0, 1]"
../data/images/427774_sat.jpg,../data/images/427774_mask.png,"[0, 2, 1, 5]"
../data/images/428327_sat.jpg,../data/images/428327_mask.png,"[3, 0, 2, 1]"
../data/images/428597_sat.jpg,../data/images/428597_mask.png,"[6, 4, 3, 0, 2, 5]"
../data/images/428841_sat.jpg,../data/images/428841_mask.png,"[4, 0, 2, 1, 5]"
../data/images/430587_sat.jpg,../data/images/430587_mask.png,"[1, 5]"
../data/images/432089_sat.jpg,../data/images/432089_mask.png,"[0, 2, 1]"
../data/images/434210_sat.jpg,../data/images/434210_mask.png,"[6, 4, 0, 1, 5]"
../data/images/434243_sat.jpg,../data/images/434243_mask.png,"[3, 2, 1]"
../data/images/435277_sat.jpg,../data/images/435277_mask.png,"[6, 4, 0, 2, 1, 5]"
../data/images/437963_sat.jpg,../data/images/437963_mask.png,"[0, 2, 5]"
../data/images/43814_sat.jpg,../data/images/43814_mask.png,"[4, 0, 5]"
../data/images/438721_sat.jpg,../data/images/438721_mask.png,"[0, 2, 1, 5]"
../data/images/439854_sat.jpg,../data/images/439854_mask.png,"[3, 1]"
../data/images/44070_sat.jpg,../data/images/44070_mask.png,"[0, 1, 5]"
../data/images/442329_sat.jpg,../data/images/442329_mask.png,"[4, 0, 2, 1, 5]"
../data/images/442338_sat.jpg,../data/images/442338_mask.png,"[4, 0, 2, 5]"
../data/images/443271_sat.jpg,../data/images/443271_mask.png,"[3, 0, 2, 1]"
../data/images/444902_sat.jpg,../data/images/444902_mask.png,"[4, 0, 2, 1, 5]"
../data/images/449319_sat.jpg,../data/images/449319_mask.png,"[4, 0, 2]"
../data/images/45357_sat.jpg,../data/images/45357_mask.png,"[0, 1, 5]"
../data/images/454655_sat.jpg,../data/images/454655_mask.png,"[6, 4, 3, 1, 5]"
../data/images/455374_sat.jpg,../data/images/455374_mask.png,"[4, 0, 2, 1]"
../data/images/45676_sat.jpg,../data/images/45676_mask.png,"[4, 2, 1]"
../data/images/457070_sat.jpg,../data/images/457070_mask.png,"[6, 4, 0, 1]"
../data/images/457265_sat.jpg,../data/images/457265_mask.png,"[4, 0, 2, 1, 5]"
../data/images/457982_sat.jpg,../data/images/457982_mask.png,"[3, 0, 1]"
../data/images/458687_sat.jpg,../data/images/458687_mask.png,"[4, 0, 2, 1, 5]"
../data/images/458776_sat.jpg,../data/images/458776_mask.png,"[4, 0, 2, 1]"
../data/images/461001_sat.jpg,../data/images/461001_mask.png,"[0, 1]"
../data/images/461755_sat.jpg,../data/images/461755_mask.png,"[0, 2, 1]"
../data/images/462612_sat.jpg,../data/images/462612_mask.png,"[4, 0, 2, 1]"
../data/images/463855_sat.jpg,../data/images/463855_mask.png,"[6, 3, 0, 2, 1, 5]"
../data/images/467076_sat.jpg,../data/images/467076_mask.png,"[4, 0, 2, 1]"
../data/images/467855_sat.jpg,../data/images/467855_mask.png,"[0, 1]"
../data/images/468103_sat.jpg,../data/images/468103_mask.png,"[0, 5]"
../data/images/470446_sat.jpg,../data/images/470446_mask.png,"[6, 4, 0, 2, 1]"
../data/images/470798_sat.jpg,../data/images/470798_mask.png,"[4, 0, 1, 5]"
../data/images/471187_sat.jpg,../data/images/471187_mask.png,"[4, 0, 2, 1]"
../data/images/471930_sat.jpg,../data/images/471930_mask.png,"[4, 0, 2]"
../data/images/472774_sat.jpg,../data/images/472774_mask.png,"[0, 1]"
../data/images/476582_sat.jpg,../data/images/476582_mask.png,"[4, 1, 5]"
../data/images/476991_sat.jpg,../data/images/476991_mask.png,"[4, 0, 2, 1]"
../data/images/479682_sat.jpg,../data/images/479682_mask.png,"[4, 0, 2, 1, 5]"
../data/images/482365_sat.jpg,../data/images/482365_mask.png,"[4, 0, 2, 1, 5]"
../data/images/483506_sat.jpg,../data/images/483506_mask.png,"[4, 2, 1]"
../data/images/485061_sat.jpg,../data/images/485061_mask.png,"[0, 1]"
../data/images/491356_sat.jpg,../data/images/491356_mask.png,"[0, 1, 5]"
../data/images/491491_sat.jpg,../data/images/491491_mask.png,"[0, 1]"
../data/images/491696_sat.jpg,../data/images/491696_mask.png,"[3, 0, 2, 1]"
../data/images/492365_sat.jpg,../data/images/492365_mask.png,"[4, 0, 2]"
../data/images/495406_sat.jpg,../data/images/495406_mask.png,"[4, 3, 0, 2]"
../data/images/495876_sat.jpg,../data/images/495876_mask.png,"[0, 2, 1, 5]"
../data/images/496948_sat.jpg,../data/images/496948_mask.png,"[4, 3, 0, 2, 1]"
../data/images/498049_sat.jpg,../data/images/498049_mask.png,"[3, 0, 2, 1]"
../data/images/499161_sat.jpg,../data/images/499161_mask.png,"[0, 2, 1]"
../data/images/499266_sat.jpg,../data/images/499266_mask.png,"[4, 0, 2, 1]"
../data/images/499325_sat.jpg,../data/images/499325_mask.png,"[0, 1, 5]"
../data/images/499418_sat.jpg,../data/images/499418_mask.png,"[3, 0, 2, 1]"
../data/images/499511_sat.jpg,../data/images/499511_mask.png,"[4, 0, 2, 1]"
../data/images/499600_sat.jpg,../data/images/499600_mask.png,"[4, 0, 2, 1, 5]"
../data/images/501053_sat.jpg,../data/images/501053_mask.png,"[4, 0, 1]"
../data/images/501284_sat.jpg,../data/images/501284_mask.png,"[0, 1]"
../data/images/501804_sat.jpg,../data/images/501804_mask.png,"[0, 1, 5]"
../data/images/503968_sat.jpg,../data/images/503968_mask.png,"[6, 4, 0, 2, 1, 5]"
../data/images/504704_sat.jpg,../data/images/504704_mask.png,"[4, 0, 2, 1, 5]"
../data/images/505217_sat.jpg,../data/images/505217_mask.png,"[0, 2, 1, 5]"
../data/images/507241_sat.jpg,../data/images/507241_mask.png,"[4, 0, 2, 1, 5]"
../data/images/508571_sat.jpg,../data/images/508571_mask.png,"[0, 1]"
../data/images/508676_sat.jpg,../data/images/508676_mask.png,"[4, 0, 2, 1, 5]"
../data/images/509290_sat.jpg,../data/images/509290_mask.png,"[4, 0, 2, 1]"
../data/images/511850_sat.jpg,../data/images/511850_mask.png,"[6, 4, 0, 1, 5]"
../data/images/512669_sat.jpg,../data/images/512669_mask.png,"[6, 4, 0, 2, 5]"
../data/images/513585_sat.jpg,../data/images/513585_mask.png,"[4, 0, 2, 1, 5]"
../data/images/513968_sat.jpg,../data/images/513968_mask.png,"[4, 0, 2, 1, 5]"
../data/images/514385_sat.jpg,../data/images/514385_mask.png,"[0, 1, 5]"
../data/images/514414_sat.jpg,../data/images/514414_mask.png,"[6, 4, 1, 5]"
../data/images/515521_sat.jpg,../data/images/515521_mask.png,"[6, 4, 2, 1, 5]"
../data/images/516056_sat.jpg,../data/images/516056_mask.png,"[6, 4, 0, 2, 1, 5]"
../data/images/516317_sat.jpg,../data/images/516317_mask.png,"[4, 0, 2, 1]"
../data/images/518833_sat.jpg,../data/images/518833_mask.png,"[4, 3, 0, 2, 1]"
../data/images/51911_sat.jpg,../data/images/51911_mask.png,"[4, 0, 5]"
../data/images/520614_sat.jpg,../data/images/520614_mask.png,"[4, 0, 2, 1, 5]"
../data/images/524056_sat.jpg,../data/images/524056_mask.png,"[4, 3, 0, 2, 1]"
../data/images/524518_sat.jpg,../data/images/524518_mask.png,"[4, 3, 0, 1]"
../data/images/525105_sat.jpg,../data/images/525105_mask.png,"[3, 0, 2, 1]"
../data/images/528163_sat.jpg,../data/images/528163_mask.png,"[4, 3, 0, 2, 1]"
../data/images/530040_sat.jpg,../data/images/530040_mask.png,"[4, 0, 1]"
../data/images/533948_sat.jpg,../data/images/533948_mask.png,"[4, 0, 1]"
../data/images/533952_sat.jpg,../data/images/533952_mask.png,"[4, 3, 0, 2, 5]"
../data/images/534154_sat.jpg,../data/images/534154_mask.png,"[4, 3, 0, 2, 1]"
../data/images/536496_sat.jpg,../data/images/536496_mask.png,"[2, 1]"
../data/images/537221_sat.jpg,../data/images/537221_mask.png,"[4, 0, 1, 5]"
../data/images/538243_sat.jpg,../data/images/538243_mask.png,"[0, 2, 1, 5]"
../data/images/538922_sat.jpg,../data/images/538922_mask.png,"[4, 1]"
../data/images/53987_sat.jpg,../data/images/53987_mask.png,"[6, 4, 1]"
../data/images/541060_sat.jpg,../data/images/541060_mask.png,"[4, 3, 0, 2, 1, 5]"
../data/images/541353_sat.jpg,../data/images/541353_mask.png,"[4, 2, 1]"
../data/images/543806_sat.jpg,../data/images/543806_mask.png,"[4, 0, 2, 1]"
../data/images/544078_sat.jpg,../data/images/544078_mask.png,"[0, 2, 1]"
../data/images/544464_sat.jpg,../data/images/544464_mask.png,"[4, 0, 2, 1, 5]"
../data/images/544537_sat.jpg,../data/images/544537_mask.png,"[4, 3, 0, 2, 1, 5]"
../data/images/547080_sat.jpg,../data/images/547080_mask.png,"[6, 4, 0, 2, 1, 5]"
../data/images/547201_sat.jpg,../data/images/547201_mask.png,"[0, 2, 1]"
../data/images/547785_sat.jpg,../data/images/547785_mask.png,"[0, 1, 5]"
../data/images/548423_sat.jpg,../data/images/548423_mask.png,"[4, 0, 1, 5]"
../data/images/548686_sat.jpg,../data/images/548686_mask.png,"[4, 0, 2, 1, 5]"
../data/images/549870_sat.jpg,../data/images/549870_mask.png,"[4, 0, 1]"
../data/images/549959_sat.jpg,../data/images/549959_mask.png,"[4, 0, 5]"
../data/images/550312_sat.jpg,../data/images/550312_mask.png,"[0, 2, 1]"
../data/images/552001_sat.jpg,../data/images/552001_mask.png,"[0, 2]"
../data/images/552206_sat.jpg,../data/images/552206_mask.png,"[4, 0, 2, 1]"
../data/images/552396_sat.jpg,../data/images/552396_mask.png,"[6, 4, 0, 1, 5]"
../data/images/55374_sat.jpg,../data/images/55374_mask.png,"[0, 1]"
../data/images/556452_sat.jpg,../data/images/556452_mask.png,"[0, 2, 1, 5]"
../data/images/556572_sat.jpg,../data/images/556572_mask.png,"[4, 0, 1, 5]"
../data/images/557175_sat.jpg,../data/images/557175_mask.png,"[0, 1]"
../data/images/557309_sat.jpg,../data/images/557309_mask.png,"[6, 0, 2, 5]"
../data/images/557439_sat.jpg,../data/images/557439_mask.png,"[0, 2, 1]"
../data/images/559477_sat.jpg,../data/images/559477_mask.png,"[4, 0, 2, 1, 5]"
../data/images/560353_sat.jpg,../data/images/560353_mask.png,"[4, 3, 0, 2, 1]"
../data/images/561117_sat.jpg,../data/images/561117_mask.png,"[6, 4, 0, 2, 5]"
../data/images/563092_sat.jpg,../data/images/563092_mask.png,"[4, 3, 5]"
../data/images/565914_sat.jpg,../data/images/565914_mask.png,"[4, 3, 0, 2, 1]"
../data/images/568270_sat.jpg,../data/images/568270_mask.png,"[4, 0, 2, 1, 5]"
../data/images/56924_sat.jpg,../data/images/56924_mask.png,"[4, 2, 1]"
../data/images/570332_sat.jpg,../data/images/570332_mask.png,"[4, 3, 0, 2, 1, 5]"
../data/images/570992_sat.jpg,../data/images/570992_mask.png,"[4, 0, 2, 1]"
../data/images/571520_sat.jpg,../data/images/571520_mask.png,"[2, 1]"
../data/images/572237_sat.jpg,../data/images/572237_mask.png,"[4, 0, 5]"
../data/images/574789_sat.jpg,../data/images/574789_mask.png,"[4, 0, 2, 1, 5]"
../data/images/575902_sat.jpg,../data/images/575902_mask.png,"[4, 3, 0, 2, 1, 5]"
../data/images/576417_sat.jpg,../data/images/576417_mask.png,"[4, 2, 1]"
../data/images/577164_sat.jpg,../data/images/577164_mask.png,"[2, 1]"
../data/images/584663_sat.jpg,../data/images/584663_mask.png,"[0, 1, 5]"
../data/images/584712_sat.jpg,../data/images/584712_mask.png,"[3, 0, 2, 1]"
../data/images/584865_sat.jpg,../data/images/584865_mask.png,"[4, 0, 2, 1, 5]"
../data/images/584941_sat.jpg,../data/images/584941_mask.png,"[4, 0, 2, 1]"
../data/images/585043_sat.jpg,../data/images/585043_mask.png,"[4, 1]"
../data/images/586222_sat.jpg,../data/images/586222_mask.png,"[3, 1]"
../data/images/586670_sat.jpg,../data/images/586670_mask.png,"[4, 0, 2, 1]"
../data/images/586806_sat.jpg,../data/images/586806_mask.png,"[4, 0, 2, 1, 5]"
../data/images/587968_sat.jpg,../data/images/587968_mask.png,"[0, 2, 1]"
../data/images/588542_sat.jpg,../data/images/588542_mask.png,"[6, 4, 0, 2, 5]"
../data/images/58864_sat.jpg,../data/images/58864_mask.png,"[0, 1]"
../data/images/58910_sat.jpg,../data/images/58910_mask.png,"[0, 1]"
../data/images/589940_sat.jpg,../data/images/589940_mask.png,"[6, 4, 0, 1]"
../data/images/591815_sat.jpg,../data/images/591815_mask.png,"[4, 0, 2, 1]"
../data/images/596837_sat.jpg,../data/images/596837_mask.png,"[1, 5]"
../data/images/599743_sat.jpg,../data/images/599743_mask.png,"[0, 1, 5]"
../data/images/599842_sat.jpg,../data/images/599842_mask.png,"[4, 0, 2, 1, 5]"
../data/images/599975_sat.jpg,../data/images/599975_mask.png,"[4, 0, 2, 1, 5]"
../data/images/600230_sat.jpg,../data/images/600230_mask.png,"[0, 2, 1]"
../data/images/601966_sat.jpg,../data/images/601966_mask.png,"[0, 2, 1]"
../data/images/602453_sat.jpg,../data/images/602453_mask.png,"[4, 0, 1]"
../data/images/603617_sat.jpg,../data/images/603617_mask.png,"[4, 3, 0, 2, 1]"
../data/images/604647_sat.jpg,../data/images/604647_mask.png,"[6, 0, 1, 5]"
../data/images/604833_sat.jpg,../data/images/604833_mask.png,"[4, 1, 5]"
../data/images/605037_sat.jpg,../data/images/605037_mask.png,"[2, 1]"
../data/images/605707_sat.jpg,../data/images/605707_mask.png,"[4, 0, 2, 1, 5]"
../data/images/605764_sat.jpg,../data/images/605764_mask.png,"[6, 4, 3, 0, 2, 5]"
../data/images/606014_sat.jpg,../data/images/606014_mask.png,"[4, 1, 5]"
../data/images/606370_sat.jpg,../data/images/606370_mask.png,"[4, 0, 1]"
../data/images/606_sat.jpg,../data/images/606_mask.png,"[4, 2, 1, 5]"
../data/images/607622_sat.jpg,../data/images/607622_mask.png,"[4, 0, 2, 1, 5]"
../data/images/608673_sat.jpg,../data/images/608673_mask.png,"[4, 0, 1]"
../data/images/609234_sat.jpg,../data/images/609234_mask.png,"[4, 0, 1, 5]"
../data/images/611015_sat.jpg,../data/images/611015_mask.png,"[4, 0, 2, 1, 5]"
../data/images/612214_sat.jpg,../data/images/612214_mask.png,"[3, 2, 1]"
../data/images/61245_sat.jpg,../data/images/61245_mask.png,"[0, 1]"
../data/images/613687_sat.jpg,../data/images/613687_mask.png,"[0, 1]"
../data/images/614561_sat.jpg,../data/images/614561_mask.png,"[4, 2, 1]"
../data/images/615420_sat.jpg,../data/images/615420_mask.png,"[4, 2, 1]"
../data/images/616234_sat.jpg,../data/images/616234_mask.png,"[0, 1]"
../data/images/616860_sat.jpg,../data/images/616860_mask.png,"[4, 0, 2, 1]"
../data/images/617844_sat.jpg,../data/images/617844_mask.png,"[4, 1]"
../data/images/618372_sat.jpg,../data/images/618372_mask.png,"[0, 1, 5]"
../data/images/619800_sat.jpg,../data/images/619800_mask.png,"[3, 0, 2, 1, 5]"
../data/images/620018_sat.jpg,../data/images/620018_mask.png,"[0, 1]"
../data/images/62078_sat.jpg,../data/images/62078_mask.png,"[4, 0, 2, 1]"
../data/images/621206_sat.jpg,../data/images/621206_mask.png,"[4, 3, 2, 1]"
../data/images/621459_sat.jpg,../data/images/621459_mask.png,"[4, 2, 1, 5]"
../data/images/621633_sat.jpg,../data/images/621633_mask.png,"[4, 0, 2, 1, 5]"
../data/images/622733_sat.jpg,../data/images/622733_mask.png,"[4, 0, 2, 1, 5]"
../data/images/623857_sat.jpg,../data/images/623857_mask.png,"[0, 2, 1]"
../data/images/624916_sat.jpg,../data/images/624916_mask.png,"[4, 3, 2, 1, 5]"
../data/images/625296_sat.jpg,../data/images/625296_mask.png,"[1, 5]"
../data/images/626208_sat.jpg,../data/images/626208_mask.png,"[4, 3, 0, 2, 1]"
../data/images/626323_sat.jpg,../data/images/626323_mask.png,"[0, 1]"
../data/images/627583_sat.jpg,../data/images/627583_mask.png,"[4, 0, 2, 1, 5]"
../data/images/627806_sat.jpg,../data/images/627806_mask.png,"[4, 0, 2, 1, 5]"
../data/images/628479_sat.jpg,../data/images/628479_mask.png,"[4, 3, 0, 2, 1, 5]"
../data/images/629198_sat.jpg,../data/images/629198_mask.png,"[4, 0, 2, 1, 5]"
../data/images/632489_sat.jpg,../data/images/632489_mask.png,"[4, 3, 1]"
../data/images/634421_sat.jpg,../data/images/634421_mask.png,"[0, 1, 5]"
../data/images/634717_sat.jpg,../data/images/634717_mask.png,"[6, 4, 3, 0, 5]"
../data/images/635157_sat.jpg,../data/images/635157_mask.png,"[0, 2, 1, 5]"
../data/images/635841_sat.jpg,../data/images/635841_mask.png,"[0, 2, 1, 5]"
../data/images/636849_sat.jpg,../data/images/636849_mask.png,"[4, 0, 2, 1, 5]"
../data/images/638158_sat.jpg,../data/images/638158_mask.png,"[4, 1, 5]"
../data/images/638168_sat.jpg,../data/images/638168_mask.png,"[1, 5]"
../data/images/638937_sat.jpg,../data/images/638937_mask.png,"[4, 0, 1, 5]"
../data/images/639004_sat.jpg,../data/images/639004_mask.png,"[4, 0, 2, 1]"
../data/images/639149_sat.jpg,../data/images/639149_mask.png,"[0, 1]"
../data/images/639314_sat.jpg,../data/images/639314_mask.png,"[0, 2, 1]"
../data/images/6399_sat.jpg,../data/images/6399_mask.png,"[6, 4, 3, 0, 2, 1, 5]"
../data/images/641771_sat.jpg,../data/images/641771_mask.png,"[6, 4, 0, 2, 1, 5]"
../data/images/642909_sat.jpg,../data/images/642909_mask.png,"[0, 1, 5]"
../data/images/644103_sat.jpg,../data/images/644103_mask.png,"[3, 0, 2, 1]"
../data/images/644150_sat.jpg,../data/images/644150_mask.png,"[4, 3, 1, 5]"
../data/images/645001_sat.jpg,../data/images/645001_mask.png,"[4, 0, 2, 1]"
../data/images/646596_sat.jpg,../data/images/646596_mask.png,"[4, 0, 2, 1, 5]"
../data/images/649042_sat.jpg,../data/images/649042_mask.png,"[4, 1]"
../data/images/649260_sat.jpg,../data/images/649260_mask.png,"[6, 4, 0, 2, 1]"
../data/images/650253_sat.jpg,../data/images/650253_mask.png,"[3, 2, 1]"
../data/images/650751_sat.jpg,../data/images/650751_mask.png,"[4, 2, 1]"
../data/images/651312_sat.jpg,../data/images/651312_mask.png,"[4, 3, 0, 2, 1, 5]"
../data/images/651537_sat.jpg,../data/images/651537_mask.png,"[4, 2, 1, 5]"
../data/images/65170_sat.jpg,../data/images/65170_mask.png,"[4, 2, 1]"
../data/images/651774_sat.jpg,../data/images/651774_mask.png,"[0, 1]"
../data/images/652183_sat.jpg,../data/images/652183_mask.png,"[0, 2, 1]"
../data/images/652733_sat.jpg,../data/images/652733_mask.png,"[6, 4, 1]"
../data/images/652883_sat.jpg,../data/images/652883_mask.png,"[4, 3, 0, 5]"
../data/images/654770_sat.jpg,../data/images/654770_mask.png,"[0, 2, 1, 5]"
../data/images/655313_sat.jpg,../data/images/655313_mask.png,"[0, 1]"
../data/images/659953_sat.jpg,../data/images/659953_mask.png,"[4, 0, 2, 1]"
../data/images/660069_sat.jpg,../data/images/660069_mask.png,"[0, 1]"
../data/images/660933_sat.jpg,../data/images/660933_mask.png,"[4, 0, 1, 5]"
../data/images/661864_sat.jpg,../data/images/661864_mask.png,"[4, 0, 1]"
../data/images/66344_sat.jpg,../data/images/66344_mask.png,"[0, 2, 1]"
../data/images/664140_sat.jpg,../data/images/664140_mask.png,"[4, 0, 2, 1, 5]"
../data/images/664396_sat.jpg,../data/images/664396_mask.png,"[6, 4, 0, 2, 1, 5]"
../data/images/665914_sat.jpg,../data/images/665914_mask.png,"[3, 0, 2, 1, 5]"
../data/images/668465_sat.jpg,../data/images/668465_mask.png,"[6, 4, 3, 0, 2, 5]"
../data/images/669010_sat.jpg,../data/images/669010_mask.png,"[4, 0, 2, 1, 5]"
../data/images/669156_sat.jpg,../data/images/669156_mask.png,"[4, 0, 2, 1, 5]"
../data/images/669779_sat.jpg,../data/images/669779_mask.png,"[4, 0, 1]"
../data/images/671164_sat.jpg,../data/images/671164_mask.png,"[4, 1, 5]"
../data/images/672041_sat.jpg,../data/images/672041_mask.png,"[0, 2, 1, 5]"
../data/images/672823_sat.jpg,../data/images/672823_mask.png,"[4, 0, 1, 5]"
../data/images/673927_sat.jpg,../data/images/673927_mask.png,"[4, 0, 2, 1, 5]"
../data/images/675424_sat.jpg,../data/images/675424_mask.png,"[4, 0, 2]"
../data/images/675849_sat.jpg,../data/images/675849_mask.png,"[0, 1]"
../data/images/676758_sat.jpg,../data/images/676758_mask.png,"[0, 1]"
../data/images/678520_sat.jpg,../data/images/678520_mask.png,"[4, 0, 2, 1]"
../data/images/679036_sat.jpg,../data/images/679036_mask.png,"[4, 0, 2, 1]"
../data/images/679507_sat.jpg,../data/images/679507_mask.png,"[3, 0, 2, 1]"
../data/images/68078_sat.jpg,../data/images/68078_mask.png,"[4, 0, 5]"
../data/images/682046_sat.jpg,../data/images/682046_mask.png,"[4, 0, 1]"
../data/images/682688_sat.jpg,../data/images/682688_mask.png,"[0, 2, 1, 5]"
../data/images/682949_sat.jpg,../data/images/682949_mask.png,"[0, 2, 1]"
../data/images/684377_sat.jpg,../data/images/684377_mask.png,"[4, 2, 1, 5]"
../data/images/686781_sat.jpg,../data/images/686781_mask.png,"[0, 1, 5]"
../data/images/688544_sat.jpg,../data/images/688544_mask.png,"[3, 0, 1, 5]"
../data/images/691384_sat.jpg,../data/images/691384_mask.png,"[3, 2, 1, 5]"
../data/images/692004_sat.jpg,../data/images/692004_mask.png,"[6, 4, 0, 2, 1, 5]"
../data/images/692982_sat.jpg,../data/images/692982_mask.png,"[0, 2, 1]"
../data/images/695475_sat.jpg,../data/images/695475_mask.png,"[6, 4, 1]"
../data/images/696257_sat.jpg,../data/images/696257_mask.png,"[0, 1, 5]"
../data/images/69628_sat.jpg,../data/images/69628_mask.png,"[4, 0, 2, 1]"
../data/images/698065_sat.jpg,../data/images/698065_mask.png,"[4, 1, 5]"
../data/images/698628_sat.jpg,../data/images/698628_mask.png,"[4, 3, 0, 2]"
../data/images/699650_sat.jpg,../data/images/699650_mask.png,"[0, 1]"
../data/images/702918_sat.jpg,../data/images/702918_mask.png,"[0, 1]"
../data/images/703413_sat.jpg,../data/images/703413_mask.png,"[4, 0, 2, 1, 5]"
../data/images/705728_sat.jpg,../data/images/705728_mask.png,"[4, 0, 2, 1]"
../data/images/706996_sat.jpg,../data/images/706996_mask.png,"[4, 0, 5]"
../data/images/707319_sat.jpg,../data/images/707319_mask.png,"[0, 1]"
../data/images/708527_sat.jpg,../data/images/708527_mask.png,"[4, 0, 2, 1]"
../data/images/708588_sat.jpg,../data/images/708588_mask.png,"[2, 1]"
../data/images/71125_sat.jpg,../data/images/71125_mask.png,"[3, 2, 1, 5]"
../data/images/711893_sat.jpg,../data/images/711893_mask.png,[3]
../data/images/713813_sat.jpg,../data/images/713813_mask.png,"[4, 3, 0, 2]"
../data/images/714414_sat.jpg,../data/images/714414_mask.png,"[1, 5]"
../data/images/715633_sat.jpg,../data/images/715633_mask.png,"[4, 0, 2, 1, 5]"
../data/images/715846_sat.jpg,../data/images/715846_mask.png,"[3, 2, 1]"
../data/images/71619_sat.jpg,../data/images/71619_mask.png,"[4, 3, 0, 2, 1]"
../data/images/717225_sat.jpg,../data/images/717225_mask.png,"[0, 1]"
../data/images/723067_sat.jpg,../data/images/723067_mask.png,"[0, 2, 1, 5]"
../data/images/723719_sat.jpg,../data/images/723719_mask.png,"[4, 0, 2, 5]"
../data/images/725646_sat.jpg,../data/images/725646_mask.png,"[3, 0, 1, 5]"
../data/images/726265_sat.jpg,../data/images/726265_mask.png,"[4, 0, 2, 1, 5]"
../data/images/727832_sat.jpg,../data/images/727832_mask.png,"[4, 0, 2, 1, 5]"
../data/images/72807_sat.jpg,../data/images/72807_mask.png,"[3, 2, 1, 5]"
../data/images/728521_sat.jpg,../data/images/728521_mask.png,"[4, 0, 2, 1]"
../data/images/730821_sat.jpg,../data/images/730821_mask.png,"[4, 1]"
../data/images/730889_sat.jpg,../data/images/730889_mask.png,"[4, 0, 2, 1]"
../data/images/732669_sat.jpg,../data/images/732669_mask.png,"[0, 2, 1]"
../data/images/733758_sat.jpg,../data/images/733758_mask.png,"[0, 2, 1, 5]"
../data/images/736869_sat.jpg,../data/images/736869_mask.png,"[4, 3, 0, 2, 1]"
../data/images/736933_sat.jpg,../data/images/736933_mask.png,"[0, 1, 5]"
../data/images/739122_sat.jpg,../data/images/739122_mask.png,"[3, 2, 1, 5]"
../data/images/739760_sat.jpg,../data/images/739760_mask.png,"[4, 3, 0, 2, 1]"
../data/images/740937_sat.jpg,../data/images/740937_mask.png,"[3, 0, 2, 1]"
../data/images/741105_sat.jpg,../data/images/741105_mask.png,"[0, 1, 5]"
../data/images/747824_sat.jpg,../data/images/747824_mask.png,"[4, 0, 1]"
../data/images/748225_sat.jpg,../data/images/748225_mask.png,"[4, 0, 1]"
../data/images/749375_sat.jpg,../data/images/749375_mask.png,"[4, 3, 0, 2, 1, 5]"
../data/images/749523_sat.jpg,../data/images/749523_mask.png,"[3, 0, 2, 1, 5]"
../data/images/751939_sat.jpg,../data/images/751939_mask.png,"[6, 0, 1]"
../data/images/753408_sat.jpg,../data/images/753408_mask.png,"[4, 3, 5]"
../data/images/755453_sat.jpg,../data/images/755453_mask.png,"[4, 0, 2, 1, 5]"
../data/images/757745_sat.jpg,../data/images/757745_mask.png,"[6, 4, 0, 2, 1, 5]"
../data/images/759668_sat.jpg,../data/images/759668_mask.png,"[4, 0, 2, 1, 5]"
../data/images/759855_sat.jpg,../data/images/759855_mask.png,"[0, 1]"
../data/images/761189_sat.jpg,../data/images/761189_mask.png,"[6, 4, 2, 1]"
../data/images/762359_sat.jpg,../data/images/762359_mask.png,"[4, 0, 2, 1]"
../data/images/762470_sat.jpg,../data/images/762470_mask.png,"[6, 0, 2, 1, 5]"
../data/images/762937_sat.jpg,../data/images/762937_mask.png,"[0, 2, 1, 5]"
../data/images/763075_sat.jpg,../data/images/763075_mask.png,"[4, 0, 1]"
../data/images/763892_sat.jpg,../data/images/763892_mask.png,"[2, 1]"
../data/images/765792_sat.jpg,../data/images/765792_mask.png,"[0, 1]"
../data/images/767012_sat.jpg,../data/images/767012_mask.png,"[3, 0, 2, 1, 5]"
../data/images/76759_sat.jpg,../data/images/76759_mask.png,"[3, 0, 2, 1]"
../data/images/768475_sat.jpg,../data/images/768475_mask.png,"[2, 1, 5]"
../data/images/771393_sat.jpg,../data/images/771393_mask.png,"[4, 0, 2, 1, 5]"
../data/images/772130_sat.jpg,../data/images/772130_mask.png,"[0, 1]"
../data/images/772144_sat.jpg,../data/images/772144_mask.png,"[4, 0, 1, 5]"
../data/images/772452_sat.jpg,../data/images/772452_mask.png,"[4, 3, 0, 2, 5]"
../data/images/772567_sat.jpg,../data/images/772567_mask.png,"[4, 3, 0, 2, 5]"
../data/images/77388_sat.jpg,../data/images/77388_mask.png,"[4, 0, 2, 1, 5]"
../data/images/774779_sat.jpg,../data/images/774779_mask.png,"[4, 3, 2, 1, 5]"
../data/images/775304_sat.jpg,../data/images/775304_mask.png,"[4, 0, 5]"
../data/images/77669_sat.jpg,../data/images/77669_mask.png,"[4, 0, 2, 1, 5]"
../data/images/777185_sat.jpg,../data/images/777185_mask.png,"[3, 0, 2, 1, 5]"
../data/images/778804_sat.jpg,../data/images/778804_mask.png,"[3, 0, 2, 1, 5]"
../data/images/7791_sat.jpg,../data/images/7791_mask.png,"[4, 3, 0, 1]"
../data/images/782103_sat.jpg,../data/images/782103_mask.png,"[4, 0, 2, 1, 5]"
../data/images/78298_sat.jpg,../data/images/78298_mask.png,"[6, 4, 0, 1]"
../data/images/784140_sat.jpg,../data/images/784140_mask.png,"[3, 0, 2, 1, 5]"
../data/images/78430_sat.jpg,../data/images/78430_mask.png,"[4, 0, 2, 1, 5]"
../data/images/784518_sat.jpg,../data/images/784518_mask.png,"[3, 0, 2, 1, 5]"
../data/images/786226_sat.jpg,../data/images/786226_mask.png,"[0, 1, 5]"
../data/images/7892_sat.jpg,../data/images/7892_mask.png,"[4, 2, 1, 5]"
../data/images/79049_sat.jpg,../data/images/79049_mask.png,"[4, 0, 2, 1, 5]"
../data/images/7906_sat.jpg,../data/images/7906_mask.png,"[3, 0, 2, 1]"
../data/images/794214_sat.jpg,../data/images/794214_mask.png,"[4, 3, 5]"
../data/images/798411_sat.jpg,../data/images/798411_mask.png,"[4, 2, 1]"
../data/images/799523_sat.jpg,../data/images/799523_mask.png,"[4, 0, 2, 1, 5]"
../data/images/801361_sat.jpg,../data/images/801361_mask.png,"[4, 0, 1, 5]"
../data/images/802645_sat.jpg,../data/images/802645_mask.png,"[0, 1]"
../data/images/80318_sat.jpg,../data/images/80318_mask.png,"[6, 0, 1, 5]"
../data/images/803958_sat.jpg,../data/images/803958_mask.png,"[6, 0, 2, 1, 5]"
../data/images/805150_sat.jpg,../data/images/805150_mask.png,"[0, 1, 5]"
../data/images/806805_sat.jpg,../data/images/806805_mask.png,"[4, 0, 2, 5]"
../data/images/807146_sat.jpg,../data/images/807146_mask.png,"[4, 0, 2, 1, 5]"
../data/images/80808_sat.jpg,../data/images/80808_mask.png,"[4, 0, 2, 1, 5]"
../data/images/808980_sat.jpg,../data/images/808980_mask.png,"[0, 1, 5]"
../data/images/81011_sat.jpg,../data/images/81011_mask.png,"[4, 1, 5]"
../data/images/810368_sat.jpg,../data/images/810368_mask.png,"[4, 3, 2, 1, 5]"
../data/images/81039_sat.jpg,../data/images/81039_mask.png,"[4, 0, 1, 5]"
../data/images/810749_sat.jpg,../data/images/810749_mask.png,"[4, 3, 0, 2, 1]"
../data/images/811075_sat.jpg,../data/images/811075_mask.png,"[6, 0, 1, 5]"
../data/images/818254_sat.jpg,../data/images/818254_mask.png,"[4, 0, 2, 1, 5]"
../data/images/819442_sat.jpg,../data/images/819442_mask.png,"[4, 0, 2, 1]"
../data/images/820347_sat.jpg,../data/images/820347_mask.png,"[4, 0, 2, 1]"
../data/images/820543_sat.jpg,../data/images/820543_mask.png,"[0, 1]"
../data/images/825592_sat.jpg,../data/images/825592_mask.png,"[4, 0, 2, 1, 5]"
../data/images/825816_sat.jpg,../data/images/825816_mask.png,"[4, 3, 0, 2, 1, 5]"
../data/images/827126_sat.jpg,../data/images/827126_mask.png,"[3, 2, 1, 5]"
../data/images/828684_sat.jpg,../data/images/828684_mask.png,"[4, 0, 2, 1]"
../data/images/829962_sat.jpg,../data/images/829962_mask.png,"[4, 0, 1, 5]"
../data/images/830444_sat.jpg,../data/images/830444_mask.png,"[4, 3, 0, 2, 5]"
../data/images/831146_sat.jpg,../data/images/831146_mask.png,"[4, 0, 2, 1]"
../data/images/834433_sat.jpg,../data/images/834433_mask.png,"[4, 0, 1]"
../data/images/834900_sat.jpg,../data/images/834900_mask.png,"[4, 0, 2, 1]"
../data/images/835147_sat.jpg,../data/images/835147_mask.png,"[0, 1, 5]"
../data/images/838669_sat.jpg,../data/images/838669_mask.png,"[3, 0, 2, 1, 5]"
../data/images/838873_sat.jpg,../data/images/838873_mask.png,"[6, 1]"
../data/images/839012_sat.jpg,../data/images/839012_mask.png,"[4, 0, 2, 5]"
../data/images/839641_sat.jpg,../data/images/839641_mask.png,"[3, 0, 2]"
../data/images/841286_sat.jpg,../data/images/841286_mask.png,"[4, 0, 1]"
../data/images/841404_sat.jpg,../data/images/841404_mask.png,"[4, 2, 1]"
../data/images/841621_sat.jpg,../data/images/841621_mask.png,"[4, 3, 0, 2, 1]"
../data/images/842556_sat.jpg,../data/images/842556_mask.png,"[4, 0, 1]"
../data/images/845069_sat.jpg,../data/images/845069_mask.png,"[4, 0, 2, 1, 5]"
../data/images/847604_sat.jpg,../data/images/847604_mask.png,"[2, 1, 5]"
../data/images/848649_sat.jpg,../data/images/848649_mask.png,"[4, 1]"
../data/images/848728_sat.jpg,../data/images/848728_mask.png,"[3, 2, 1, 5]"
../data/images/848780_sat.jpg,../data/images/848780_mask.png,"[4, 0, 1, 5]"
../data/images/849797_sat.jpg,../data/images/849797_mask.png,"[4, 3, 0, 2, 1]"
../data/images/850510_sat.jpg,../data/images/850510_mask.png,"[4, 3, 0, 2, 1]"
../data/images/853702_sat.jpg,../data/images/853702_mask.png,"[0, 1]"
../data/images/855_sat.jpg,../data/images/855_mask.png,"[4, 3, 0, 2, 1, 5]"
../data/images/857201_sat.jpg,../data/images/857201_mask.png,"[6, 4, 0, 2]"
../data/images/858771_sat.jpg,../data/images/858771_mask.png,"[4, 3, 0, 2, 1]"
../data/images/860326_sat.jpg,../data/images/860326_mask.png,"[6, 4, 0, 1]"
../data/images/861353_sat.jpg,../data/images/861353_mask.png,"[4, 3, 0, 2, 1]"
../data/images/864488_sat.jpg,../data/images/864488_mask.png,"[4, 0, 1]"
../data/images/866782_sat.jpg,../data/images/866782_mask.png,"[3, 0, 2, 1]"
../data/images/867017_sat.jpg,../data/images/867017_mask.png,"[0, 2, 1, 5]"
../data/images/867349_sat.jpg,../data/images/867349_mask.png,"[0, 1]"
../data/images/867983_sat.jpg,../data/images/867983_mask.png,"[0, 1]"
../data/images/868003_sat.jpg,../data/images/868003_mask.png,"[3, 0, 1, 5]"
../data/images/86805_sat.jpg,../data/images/86805_mask.png,"[0, 2, 1, 5]"
../data/images/870705_sat.jpg,../data/images/870705_mask.png,"[4, 3, 0, 2, 1]"
../data/images/873132_sat.jpg,../data/images/873132_mask.png,"[3, 5]"
../data/images/875327_sat.jpg,../data/images/875327_mask.png,"[4, 0, 2, 1, 5]"
../data/images/875328_sat.jpg,../data/images/875328_mask.png,"[3, 0, 2, 1]"
../data/images/875409_sat.jpg,../data/images/875409_mask.png,"[0, 1]"
../data/images/876248_sat.jpg,../data/images/876248_mask.png,"[3, 0, 2, 1]"
../data/images/877160_sat.jpg,../data/images/877160_mask.png,"[3, 0, 2, 1]"
../data/images/878990_sat.jpg,../data/images/878990_mask.png,"[6, 4, 0, 2, 1, 5]"
../data/images/880610_sat.jpg,../data/images/880610_mask.png,"[3, 2, 1, 5]"
../data/images/882451_sat.jpg,../data/images/882451_mask.png,"[6, 4, 3, 0, 2, 5]"
../data/images/88571_sat.jpg,../data/images/88571_mask.png,"[0, 1]"
../data/images/888263_sat.jpg,../data/images/888263_mask.png,"[0, 2, 1]"
../data/images/888343_sat.jpg,../data/images/888343_mask.png,"[4, 3, 0, 2, 1]"
../data/images/889145_sat.jpg,../data/images/889145_mask.png,"[4, 0, 1]"
../data/images/889920_sat.jpg,../data/images/889920_mask.png,"[4, 2, 1]"
../data/images/890145_sat.jpg,../data/images/890145_mask.png,"[4, 0, 1]"
../data/images/891153_sat.jpg,../data/images/891153_mask.png,"[0, 1]"
../data/images/893261_sat.jpg,../data/images/893261_mask.png,"[4, 2, 1]"
../data/images/893651_sat.jpg,../data/images/893651_mask.png,"[6, 0, 1, 5]"
../data/images/893904_sat.jpg,../data/images/893904_mask.png,"[6, 4, 0, 2, 5]"
../data/images/895509_sat.jpg,../data/images/895509_mask.png,"[6, 4, 1, 5]"
../data/images/897901_sat.jpg,../data/images/897901_mask.png,"[4, 3, 0, 2, 1, 5]"
../data/images/898741_sat.jpg,../data/images/898741_mask.png,"[4, 0, 2, 1]"
../data/images/899693_sat.jpg,../data/images/899693_mask.png,"[4, 3, 0, 2, 1, 5]"
../data/images/900985_sat.jpg,../data/images/900985_mask.png,"[4, 0, 2, 1, 5]"
../data/images/901715_sat.jpg,../data/images/901715_mask.png,"[0, 2, 1]"
../data/images/902350_sat.jpg,../data/images/902350_mask.png,[1]
../data/images/903649_sat.jpg,../data/images/903649_mask.png,"[4, 0, 2, 5]"
../data/images/904606_sat.jpg,../data/images/904606_mask.png,"[4, 0, 1]"
../data/images/906113_sat.jpg,../data/images/906113_mask.png,"[3, 1]"
../data/images/908837_sat.jpg,../data/images/908837_mask.png,"[0, 1]"
../data/images/910525_sat.jpg,../data/images/910525_mask.png,"[0, 5]"
../data/images/911457_sat.jpg,../data/images/911457_mask.png,"[4, 0, 2, 1, 5]"
../data/images/912087_sat.jpg,../data/images/912087_mask.png,"[4, 0, 1, 5]"
../data/images/912620_sat.jpg,../data/images/912620_mask.png,"[0, 2, 1, 5]"
../data/images/914008_sat.jpg,../data/images/914008_mask.png,"[4, 0, 2, 1, 5]"
../data/images/916141_sat.jpg,../data/images/916141_mask.png,"[4, 0, 2, 1, 5]"
../data/images/916336_sat.jpg,../data/images/916336_mask.png,"[4, 1, 5]"
../data/images/916518_sat.jpg,../data/images/916518_mask.png,"[0, 2, 1, 5]"
../data/images/917081_sat.jpg,../data/images/917081_mask.png,"[4, 0, 2, 1]"
../data/images/918105_sat.jpg,../data/images/918105_mask.png,"[6, 0, 2, 1, 5]"
../data/images/918446_sat.jpg,../data/images/918446_mask.png,"[4, 3, 0, 2, 1]"
../data/images/919051_sat.jpg,../data/images/919051_mask.png,"[4, 3, 0, 2, 1]"
../data/images/919602_sat.jpg,../data/images/919602_mask.png,"[0, 1]"
../data/images/923223_sat.jpg,../data/images/923223_mask.png,"[0, 2, 1]"
../data/images/923618_sat.jpg,../data/images/923618_mask.png,"[4, 0, 1]"
../data/images/924236_sat.jpg,../data/images/924236_mask.png,"[4, 3, 0, 2, 1, 5]"
../data/images/925382_sat.jpg,../data/images/925382_mask.png,"[4, 0, 1, 5]"
../data/images/925425_sat.jpg,../data/images/925425_mask.png,"[3, 0, 2, 1]"
../data/images/926392_sat.jpg,../data/images/926392_mask.png,"[0, 1]"
../data/images/927126_sat.jpg,../data/images/927126_mask.png,"[4, 0, 5]"
../data/images/927644_sat.jpg,../data/images/927644_mask.png,"[0, 2, 1, 5]"
../data/images/930028_sat.jpg,../data/images/930028_mask.png,"[0, 2]"
../data/images/930491_sat.jpg,../data/images/930491_mask.png,"[0, 2, 1]"
../data/images/934795_sat.jpg,../data/images/934795_mask.png,"[4, 0, 2, 1]"
../data/images/935193_sat.jpg,../data/images/935193_mask.png,"[4, 0, 2, 1]"
../data/images/935318_sat.jpg,../data/images/935318_mask.png,"[3, 0, 1]"
../data/images/937922_sat.jpg,../data/images/937922_mask.png,"[4, 0, 2, 1, 5]"
../data/images/939614_sat.jpg,../data/images/939614_mask.png,"[4, 3, 0, 2]"
../data/images/940229_sat.jpg,../data/images/940229_mask.png,"[6, 4, 3, 0, 5]"
../data/images/941237_sat.jpg,../data/images/941237_mask.png,"[4, 0, 2, 5]"
../data/images/942307_sat.jpg,../data/images/942307_mask.png,"[4, 0, 1]"
../data/images/942594_sat.jpg,../data/images/942594_mask.png,"[0, 1]"
../data/images/942986_sat.jpg,../data/images/942986_mask.png,"[4, 0, 2, 1, 5]"
../data/images/943463_sat.jpg,../data/images/943463_mask.png,"[4, 0, 2, 1]"
../data/images/943943_sat.jpg,../data/images/943943_mask.png,"[4, 3, 0, 2, 1, 5]"
../data/images/946386_sat.jpg,../data/images/946386_mask.png,"[4, 0, 2, 1]"
../data/images/946408_sat.jpg,../data/images/946408_mask.png,"[0, 2, 1, 5]"
../data/images/946475_sat.jpg,../data/images/946475_mask.png,"[0, 2, 5]"
../data/images/947994_sat.jpg,../data/images/947994_mask.png,"[0, 1]"
../data/images/949235_sat.jpg,../data/images/949235_mask.png,"[4, 1, 5]"
../data/images/949559_sat.jpg,../data/images/949559_mask.png,"[4, 3, 0, 2, 1]"
../data/images/950926_sat.jpg,../data/images/950926_mask.png,"[4, 3, 2, 1, 5]"
../data/images/951120_sat.jpg,../data/images/951120_mask.png,"[4, 0, 1]"
../data/images/952430_sat.jpg,../data/images/952430_mask.png,"[4, 3, 0, 2, 1, 5]"
../data/images/954552_sat.jpg,../data/images/954552_mask.png,"[4, 0, 2, 1, 5]"
../data/images/95613_sat.jpg,../data/images/95613_mask.png,"[2, 1]"
../data/images/956410_sat.jpg,../data/images/956410_mask.png,"[4, 0, 1, 5]"
../data/images/95683_sat.jpg,../data/images/95683_mask.png,"[4, 0, 2, 1, 5]"
../data/images/956928_sat.jpg,../data/images/956928_mask.png,"[0, 1, 5]"
../data/images/958243_sat.jpg,../data/images/958243_mask.png,"[4, 0, 2, 1, 5]"
../data/images/958443_sat.jpg,../data/images/958443_mask.png,"[0, 2, 1, 5]"
../data/images/95863_sat.jpg,../data/images/95863_mask.png,"[4, 0, 2, 1]"
../data/images/961407_sat.jpg,../data/images/961407_mask.png,"[4, 3, 5]"
../data/images/961919_sat.jpg,../data/images/961919_mask.png,"[4, 0, 2, 1, 5]"
../data/images/965276_sat.jpg,../data/images/965276_mask.png,"[0, 2, 1]"
../data/images/965977_sat.jpg,../data/images/965977_mask.png,"[4, 0, 2, 1, 5]"
../data/images/967818_sat.jpg,../data/images/967818_mask.png,"[3, 1, 5]"
../data/images/96841_sat.jpg,../data/images/96841_mask.png,"[6, 4, 0, 2, 1]"
../data/images/96870_sat.jpg,../data/images/96870_mask.png,"[3, 2, 1]"
../data/images/969934_sat.jpg,../data/images/969934_mask.png,"[4, 0, 2, 1]"
../data/images/970925_sat.jpg,../data/images/970925_mask.png,"[0, 1, 5]"
../data/images/971880_sat.jpg,../data/images/971880_mask.png,"[4, 1, 5]"
../data/images/97337_sat.jpg,../data/images/97337_mask.png,"[4, 2, 1]"
../data/images/978039_sat.jpg,../data/images/978039_mask.png,"[3, 0, 1]"
../data/images/981253_sat.jpg,../data/images/981253_mask.png,"[3, 0, 1, 5]"
../data/images/98150_sat.jpg,../data/images/98150_mask.png,"[4, 0, 2, 1]"
../data/images/981852_sat.jpg,../data/images/981852_mask.png,"[3, 2, 1, 5]"
../data/images/982744_sat.jpg,../data/images/982744_mask.png,"[6, 0, 1]"
../data/images/983603_sat.jpg,../data/images/983603_mask.png,"[0, 1, 5]"
../data/images/986342_sat.jpg,../data/images/986342_mask.png,"[3, 1, 5]"
../data/images/987079_sat.jpg,../data/images/987079_mask.png,"[0, 2, 5]"
../data/images/987381_sat.jpg,../data/images/987381_mask.png,"[6, 4, 0, 2, 1]"
../data/images/987427_sat.jpg,../data/images/987427_mask.png,"[4, 2, 1]"
../data/images/988517_sat.jpg,../data/images/988517_mask.png,"[0, 1]"
../data/images/989499_sat.jpg,../data/images/989499_mask.png,"[4, 0, 2, 1, 5]"
../data/images/990573_sat.jpg,../data/images/990573_mask.png,"[4, 1, 5]"
../data/images/990617_sat.jpg,../data/images/990617_mask.png,"[4, 0, 2, 1]"
../data/images/990619_sat.jpg,../data/images/990619_mask.png,"[4, 0, 2, 1, 5]"
../data/images/991758_sat.jpg,../data/images/991758_mask.png,"[4, 0, 2, 5]"
../data/images/992507_sat.jpg,../data/images/992507_mask.png,"[4, 3, 1]"
../data/images/994520_sat.jpg,../data/images/994520_mask.png,"[4, 1]"
../data/images/995492_sat.jpg,../data/images/995492_mask.png,"[0, 2, 1, 5]"
../data/images/997521_sat.jpg,../data/images/997521_mask.png,"[4, 0, 2, 1, 5]"
../data/images/998002_sat.jpg,../data/images/998002_mask.png,"[3, 0, 2, 1]"
